produto;codigo;data_compra;mercado;chave_nfce;qtd;unidade
LING MISTA PERDIGAO FINA DEF kg ;48095;2025-06-18;Guanabara(Tanque);33250633130543005575650230005445921007546980;0,542;21
FILE PEITO FGO SEARA BANDEJA kg ;360128;2025-06-18;Guanabara(Tanque);33250633130543005575650230005445921007546980;3;17,98
SOBRECOXA FGO SEARA BANDEJA kg ;743006;2025-06-18;Guanabara(Tanque);33250633130543005575650230005445921007546980;3;12,98
PEITO FGO SADIA EMP TIRA T ERV 400g ;1703764;2025-06-18;Guanabara(Tanque);33250633130543005575650230005445921007546980;1;17,98
BATATA EASYCHEF TRAD CONG 2kg ;1665369;2025-06-18;Guanabara(Tanque);33250633130543005575650230005445921007546980;1;19,98
QUE MUC PRESIDENT FATIADO EMB 1kg ;1589191;2025-06-18;Guanabara(Tanque);33250633130543005575650230005445921007546980;1;58,47
BACON PATA NEGRA kg ;1693331;2025-06-18;Guanabara(Tanque);33250633130543005575650230005445921007546980;0,382;40
FILE DE POLACA CAPITAIN FISH 800g ;1919561;2025-06-18;Guanabara(Tanque);33250633130543005575650230005445921007546980;1;19,98
PAO QUEIJO MARICOTA LANCHE 1kg ;1098792;2025-06-18;Guanabara(Tanque);33250633130543005575650230005445921007546980;1;11,98
PEITO BOV FRIBOI PORCIONADO kg ;828031;2025-06-18;Guanabara(Tanque);33250633130543005575650230005445921007546980;1,114;27,98
COSTELA SALG SUI PATA NEGRA EMB kg ;1493740;2025-06-18;Guanabara(Tanque);33250633130543005575650230005445921007546980;0,354;35,99
CARNE JERKED SUI SALG SEARA CUR400g ;1702965;2025-06-18;Guanabara(Tanque);33250633130543005575650230005445921007546980;1;14,99
CARNE SECA LAGARTO PIRAMBU kg ;1492583;2025-06-18;Guanabara(Tanque);33250633130543005575650230005445921007546980;0,704;52,98
MANTEIGA DOCE HERANCA CSAL 500g ;1824100;2025-06-18;Guanabara(Tanque);33250633130543005575650230005445921007546980;1;20,99
MARGARINA QUALY 500g ;16964;2025-06-18;Guanabara(Tanque);33250633130543005575650230005445921007546980;1;8,29
LEITE L VIDA ITALAC INTEGRAL 1l ;469159;2025-06-18;Guanabara(Tanque);33250633130543005575650230005445921007546980;3;4,69
LEITE L VIDA ITALAC SEMIDESN 1l ;469173;2025-06-18;Guanabara(Tanque);33250633130543005575650230005445921007546980;3;4,69
TAPIOCA DA TERRINHA 500g ;1131130;2025-06-18;Guanabara(Tanque);33250633130543005575650230005445921007546980;3;6,87
ACUCAR UNIAO REFINADO 1kg ;36689;2025-06-18;Guanabara(Tanque);33250633130543005575650230005445921007546980;1;4,49
FEIJAO PRE SUPER MAXIMO 1kg ;1640373;2025-06-18;Guanabara(Tanque);33250633130543005575650230005445921007546980;3;5,99
IOG LIQ DANONE MORANGO GF 850g ;1975413;2025-06-18;Guanabara(Tanque);33250633130543005575650230005445921007546980;2;8,98
LEITE PO GLORIA INTEGRAL SACHE 360g ;1123906;2025-06-18;Guanabara(Tanque);33250633130543005575650230005445921007546980;4;12,98
IOG BATAVO PENSE ZER MAMAO 1,15kg ;1927405;2025-06-18;Guanabara(Tanque);33250633130543005575650230005445921007546980;1;17,49
MIST BOLO FLEISCHMAN LAR SACH 390g ;1805390;2025-06-18;Guanabara(Tanque);33250633130543005575650230005445921007546980;1;7,99
MIST BOLO FLEISCHMAN CHOC SACH 390g ;1805406;2025-06-18;Guanabara(Tanque);33250633130543005575650230005445921007546980;1;7,99
COMP ALIM SUSTAGEN KIDS CH 700gLP- ;1957198;2025-06-18;Guanabara(Tanque);33250633130543005575650230005445921007546980;1;46,8
QUE RALADO QUATA 100g ;17442;2025-06-18;Guanabara(Tanque);33250633130543005575650230005445921007546980;1;9,99
REFRESCO LIQ DAFRUTA SAB UVA 1l ;1709377;2025-06-18;Guanabara(Tanque);33250633130543005575650230005445921007546980;2;4,99
MIST BOLO FLEISCHMAN PETIGAT CH350g ;1805451;2025-06-18;Guanabara(Tanque);33250633130543005575650230005445921007546980;1;7,99
FAR TRIGO D BENTA ESPECIAL 1kg ;703;2025-06-18;Guanabara(Tanque);33250633130543005575650230005445921007546980;1;5,59
ESPAGUETE GALO SEMOLA N8 1kg ;165358;2025-06-18;Guanabara(Tanque);33250633130543005575650230005445921007546980;1;5,95
VINHO DIVINO BORDO TTO SUAVE 1l ;1829532;2025-06-18;Guanabara(Tanque);33250633130543005575650230005445921007546980;1;17,77
FAR MAND GRANFINO CRUA 1kg ;659;2025-06-18;Guanabara(Tanque);33250633130543005575650230005445921007546980;1;4,99
MAC INST NISSIN LAMEN GAL CAIP 85g ;313162;2025-06-18;Guanabara(Tanque);33250633130543005575650230005445921007546980;2;2,59
MAC INST NISSIN LAMEN CARNE 85g ;313230;2025-06-18;Guanabara(Tanque);33250633130543005575650230005445921007546980;2;2,59
ABS INTIMUS NOT EX P CA SU 16 LP- ;1506006;2025-06-18;Guanabara(Tanque);33250633130543005575650230005445921007546980;1;9,98
SAC PLAST SUPER FREEZER 2l C100un ;908696;2025-06-18;Guanabara(Tanque);33250633130543005575650230005445921007546980;1;6,49
OLEO DE SOJA SOYA PET 900ml ;544757;2025-06-18;Guanabara(Tanque);33250633130543005575650230005445921007546980;1;6,49
ACHOCOL TODDYNHO 200ml ;2806;2025-06-18;Guanabara(Tanque);33250633130543005575650230005445921007546980;4;2,59
VINAGRE GALO ALCOOL DE BARC 750ml ;1616057;2025-06-18;Guanabara(Tanque);33250633130543005575650230005445921007546980;1;2,49
REFRIGE COCA COLA SACUCAR 600ml ;489065;2025-06-18;Guanabara(Tanque);33250633130543005575650230005445921007546980;3;5,39
SAB PASTOSO NEUTRAL 500g ;67010;2025-06-18;Guanabara(Tanque);33250633130543005575650230005445921007546980;1;7,99
REFRESCO LIQ DAFRUTA SAB LARANJA 1l ;1709384;2025-06-18;Guanabara(Tanque);33250633130543005575650230005445921007546980;1;4,99
ESPONJA BRILHUS ABRASIVA C4un ;848084;2025-06-18;Guanabara(Tanque);33250633130543005575650230005445921007546980;1;3,99
TOALHA PAPEL SCALA PLUS REG 2 ROL ;1650327;2025-06-18;Guanabara(Tanque);33250633130543005575650230005445921007546980;1;4,99
BISNAGUITO PLUS VITA 300g ;29872;2025-06-18;Guanabara(Tanque);33250633130543005575650230005445921007546980;1;7,98
AZEITONA VDE PRAMESA FAT DOYP 120g ;1305449;2025-06-18;Guanabara(Tanque);33250633130543005575650230005445921007546980;1;5,59
MEL EXPRESSAO NATUREZA FL LAR 270g ;1559774;2025-06-18;Guanabara(Tanque);33250633130543005575650230005445921007546980;1;21,8
AMACIANTE DOWNY CONC ALFAZEMA 500ml ;2042336;2025-06-18;Guanabara(Tanque);33250633130543005575650230005445921007546980;1;9,98
LAVA ROU PO OMO LAV PERFEITA 2,2kg ;1514728;2025-06-18;Guanabara(Tanque);33250633130543005575650230005445921007546980;1;26,9
ALVEJANTE VANISH WHITE SACHE 1,2l ;1530322;2025-06-18;Guanabara(Tanque);33250633130543005575650230005445921007546980;1;15,4
BISCOITO V DOURO POLVILHO LIGH 100g ;1119411;2025-06-18;Guanabara(Tanque);33250633130543005575650230005445921007546980;1;5,95
FANDANGOS ELMA CHIPS PRESUNTO 160g ;1913835;2025-06-18;Guanabara(Tanque);33250633130543005575650230005445921007546980;1;10,9
SACOLA PL DINPLAL CINZA 40X53 5,5KG ;1934076;2025-06-18;Guanabara(Tanque);33250633130543005575650230005445921007546980;4;0,08
BISCOITO PIRAQUE SALGADINHO 100g ;36979;2025-06-18;Guanabara(Tanque);33250633130543005575650230005445921007546980;2;3,5
BISCOITO CLUB SOCIAL INT EEC 288g ;1259995;2025-06-18;Guanabara(Tanque);33250633130543005575650230005445921007546980;1;9,05
BISCOITO PIRAQUE REC CHOCOLATE 160g ;1561869;2025-06-18;Guanabara(Tanque);33250633130543005575650230005445921007546980;2;3,29
BISCOITO PIRAQUE REC LIMAO 160g ;1561883;2025-06-18;Guanabara(Tanque);33250633130543005575650230005445921007546980;1;3,29
BISCOITO PIRAQUE MAIZENA 175g ;1842319;2025-06-18;Guanabara(Tanque);33250633130543005575650230005445921007546980;1;2,67
BISCOITO PIRAQUE ROLADINHO GOIA 25g ;1759419;2025-06-18;Guanabara(Tanque);33250633130543005575650230005445921007546980;6;1,49
BISCOITO PIRAQUE SALG QUEIJO 100g ;36986;2025-06-18;Guanabara(Tanque);33250633130543005575650230005445921007546980;1;3,5
BISCOITO PASSATEMPO REC CHOC 130g ;1238389;2025-06-18;Guanabara(Tanque);33250633130543005575650230005445921007546980;1;2,39
CREME LEITE ITALAC TP 200g ;493949;2025-06-18;Guanabara(Tanque);33250633130543005575650230005445921007546980;3;2,79
DETERGENTE LIMPOL NAT CRISTAL 500ml ;76951;2025-06-18;Guanabara(Tanque);33250633130543005575650230005445921007546980;1;2,15
BISCOITO PIRAQUE AGUA GERGEL 215g ;1844160;2025-06-18;Guanabara(Tanque);33250633130543005575650230005445921007546980;1;3,99
SHAMPO ELSEVE 375mlCON 170mlGLYC G ;1926347;2025-06-18;Guanabara(Tanque);33250633130543005575650230005445921007546980;1;26,98
CRE DEN SENSODYNE RAPID ALIVIO 140g ;1873146;2025-06-18;Guanabara(Tanque);33250633130543005575650230005445921007546980;1;16,9
SABONETE FRANCIS BRAS CAP LIMAO 80g ;1824445;2025-06-18;Guanabara(Tanque);33250633130543005575650230005445921007546980;2;2,19
POLPA TOMATE POMODORO TRAD 520g ;27649;2025-06-18;Guanabara(Tanque);33250633130543005575650230005445921007546980;1;5,18
DESOD REXONA AER MEN ANTOBAC 150ml ;1053869;2025-06-18;Guanabara(Tanque);33250633130543005575650230005445921007546980;1;13,98
SABONETE FRANCIS BRAS A COCO BCO80g ;1824421;2025-06-18;Guanabara(Tanque);33250633130543005575650230005445921007546980;2;2,19
SABONETE DOVE BABY HIDR BALANC 75g ;1472837;2025-06-18;Guanabara(Tanque);33250633130543005575650230005445921007546980;6;2,77
CHA LEAO FUZE ICE TEA PESSEGO 1,5l ;1402643;2025-06-18;Guanabara(Tanque);33250633130543005575650230005445921007546980;1;6,49
MILHO VERDE ETTI LATA 170g ;1707427;2025-06-18;Guanabara(Tanque);33250633130543005575650230005445921007546980;2;3,1
SABONETE FRANCIS BRAS ACER VERM 80g ;1824452;2025-06-18;Guanabara(Tanque);33250633130543005575650230005445921007546980;2;2,19
SABONETE FRANCIS BRAS AMORA ROXO80g ;1824438;2025-06-18;Guanabara(Tanque);33250633130543005575650230005445921007546980;2;2,19
ESC DEN FIZZPRO KIDS12mes ANIM C2 ;1939088;2025-06-18;Guanabara(Tanque);33250633130543005575650230005445921007546980;1;8,99
SHAMPO DOVE BABY HID GLICER 200ml ;1472790;2025-06-18;Guanabara(Tanque);33250633130543005575650230005445921007546980;1;8,98
Patinho kg ;131;2025-06-24;SuperRede(Remi);33250640828853000130650020006710249450277230;1,518;48,99
Coracao da Alcatra kg ;111;2025-06-24;SuperRede(Remi);33250640828853000130650020006710249450277230;1,576;44,99
BATATA DOCE ;00000000000016;2025-06-26;Hortifruti(Tindiba);33250630593345000167651020003820029023982911;0,69;2,98
INHAME ;00000000000046;2025-06-26;Hortifruti(Tindiba);33250630593345000167651020003820029023982911;0,6;4,98
TANGERINA POKAM ;00000000000095;2025-06-26;Hortifruti(Tindiba);33250630593345000167651020003820029023982911;0,64;4,98
ABACATE ;00000000000010;2025-06-26;Hortifruti(Tindiba);33250630593345000167651020003820029023982911;0,845;8,98
MARACUJA ;00000000000065;2025-06-26;Hortifruti(Tindiba);33250630593345000167651020003820029023982911;1,02;6,98
AIPIM ;00000000000001;2025-06-26;Hortifruti(Tindiba);33250630593345000167651020003820029023982911;0,61;3,98
AMEIXA ;00000000000011;2025-06-26;Hortifruti(Tindiba);33250630593345000167651020003820029023982911;0,295;24,98
PIMENTAO ;00000000000087;2025-06-26;Hortifruti(Tindiba);33250630593345000167651020003820029023982911;0,18;8,98
CEBOLA ;00000000000029;2025-06-26;Hortifruti(Tindiba);33250630593345000167651020003820029023982911;0,825;3,98
ALHO ROXO ;00000000000164;2025-06-26;Hortifruti(Tindiba);33250630593345000167651020003820029023982911;0,19;39,98
BATATA LISA ;00000000000012;2025-06-26;Hortifruti(Tindiba);33250630593345000167651020003820029023982911;0,81;3,98
BETERRABA ;00000000000018;2025-06-26;Hortifruti(Tindiba);33250630593345000167651020003820029023982911;0,285;2,98
CENOURA ;00000000000025;2025-06-26;Hortifruti(Tindiba);33250630593345000167651020003820029023982911;0,525;3,98
ABOBORA ;00000000000002;2025-06-26;Hortifruti(Tindiba);33250630593345000167651020003820029023982911;0,51;5,98
PERA PORTUGUESA ;00000000000080;2025-06-26;Hortifruti(Tindiba);33250630593345000167651020003820029023982911;0,325;24,98
CHUCHU ;00000000000026;2025-06-26;Hortifruti(Tindiba);33250630593345000167651020003820029023982911;0,56;2,58
ABOBORA ;00000000000002;2025-06-26;Hortifruti(Tindiba);33250630593345000167651020003820029023982911;0,375;5,98
OVOS CARTELA COM 30 UNIDADE ;00000000000791;2025-06-26;Hortifruti(Tindiba);33250630593345000167651020003820029023982911;1;19,98
QUIABO ;00000000000088;2025-06-26;Hortifruti(Tindiba);33250630593345000167651020003820029023982911;0,17;13,98
Drumete de Frango kg ;230;2025-07-15;SuperRede(Remi);33250740828853000130650020006804081462959808;1,872;12,99
Sacola Und ;676;2025-07-15;SuperRede(Remi);33250740828853000130650020006804081462959808;4;0,1
Carre kg ;115;2025-07-15;SuperRede(Remi);33250740828853000130650020006804081462959808;1,068;16,99
Contra File kg ;116;2025-07-15;SuperRede(Remi);33250740828853000130650020006804081462959808;1,404;44,99
Acem kg ;110;2025-07-15;SuperRede(Remi);33250740828853000130650020006804081462959808;1,552;32,99
AZEITE GALLO PORT EV CLAS VD 400ml ;1009675;2025-07-14;Guanabara(Cafundá);33250733130543005303650190005362751005851350;1;24,98
ALHO DESCASC CANECO OURO RESF 500g ;1762723;2025-07-14;Guanabara(Cafundá);33250733130543005303650190005362751005851350;1;18,9
ACHOCOL ITALAC PO SACHE 1kg ;1601473;2025-07-14;Guanabara(Cafundá);33250733130543005303650190005362751005851350;1;12,1
MARGARINA DELICATA SAB MANT CS 500g ;1804058;2025-07-14;Guanabara(Cafundá);33250733130543005303650190005362751005851350;1;6,49
MARGARINA QUALY 500g ;16964;2025-07-14;Guanabara(Cafundá);33250733130543005303650190005362751005851350;1;8,29
PAO FORMA 3 IRMAOS TRAD 400g ;1499810;2025-07-14;Guanabara(Cafundá);33250733130543005303650190005362751005851350;1;4,99
ESPAGUETE CADORE COVOS 500g ;75022;2025-07-14;Guanabara(Cafundá);33250733130543005303650190005362751005851350;2;3,79
SACOLA PL USA IMP LIG VERDE 40X53 ;1748970;2025-07-14;Guanabara(Cafundá);33250733130543005303650190005362751005851350;4;0,08
LAVA ROU PO SURF 5X1 RF M FLO 1,6kg ;1700992;2025-07-14;Guanabara(Cafundá);33250733130543005303650190005362751005851350;1;13,59
LEITE PO ITALAC INSTANT SACHE 400g ;1140064;2025-07-14;Guanabara(Cafundá);33250733130543005303650190005362751005851350;1;13,98
DETERGENTE BARRA MACA 500ml ;109970;2025-07-14;Guanabara(Cafundá);33250733130543005303650190005362751005851350;1;1,49
FAR TRIGO ROSA BCA CFERRO 1kg ;172523;2025-07-14;Guanabara(Cafundá);33250733130543005303650190005362751005851350;1;4,1
SAL DOMESTICO LEBRE 1kg ;121552;2025-07-14;Guanabara(Cafundá);33250733130543005303650190005362751005851350;1;2,39
MOL TOM FUGINI TRAD SACHE 300g ;1641417;2025-07-14;Guanabara(Cafundá);33250733130543005303650190005362751005851350;5;1,59
DETERGENTE BARRA NEUTRO 500ml ;109987;2025-07-14;Guanabara(Cafundá);33250733130543005303650190005362751005851350;2;1,49
PANO ALKLIN LIMP LEVE AZ C5 33X50 ;396677;2025-07-14;Guanabara(Cafundá);33250733130543005303650190005362751005851350;1;4,99
CAFE BOM JESUS EXT FORTE POUCH 500g ;1897371;2025-07-14;Guanabara(Cafundá);33250733130543005303650190005362751005851350;1;27,9
ACUCAR GUARANI REFINADO 1kg ;26185;2025-07-14;Guanabara(Cafundá);33250733130543005303650190005362751005851350;3;3,99
OLEO DE SOJA SOYA PET 900ml ;544757;2025-07-14;Guanabara(Cafundá);33250733130543005303650190005362751005851350;3;6,79
PAP HIG DELUXE COTT N FD 30m L12P11 ;707428;2025-07-14;Guanabara(Cafundá);33250733130543005303650190005362751005851350;1;13,48
ARROZ BRA CARRETEIRO TP1 5kg ;69687;2025-07-14;Guanabara(Cafundá);33250733130543005303650190005362751005851350;1;20,95
IOG LIQ DANONE MORANGO GF 850g ;1975413;2025-07-14;Guanabara(Cafundá);33250733130543005303650070003395971003695614;1;8,98
LEITE L VIDA ITALAC CTAMPA INT 1l ;782128;2025-07-14;Guanabara(Cafundá);33250733130543005303650070003395971003695614;3;4,69
MAC INST NISSIN LAMEN GAL CAIP 85g ;313162;2025-07-14;Guanabara(Cafundá);33250733130543005303650070003395971003695614;1;2,69
BISCOITO PIRAQUE REC CHOCOLATE 160g ;1561869;2025-07-14;Guanabara(Cafundá);33250733130543005303650070003395971003695614;1;3,75
BISCOITO PIRAQUE MAIZENA 175g ;1842319;2025-07-14;Guanabara(Cafundá);33250733130543005303650070003395971003695614;1;2,99
BISCOITO PIRAQUE L MALT SR OR 132g ;1876574;2025-07-14;Guanabara(Cafundá);33250733130543005303650070003395971003695614;1;3,69
BISCOITO PIRAQUE REC BRIGADEIR 160g ;1561937;2025-07-14;Guanabara(Cafundá);33250733130543005303650070003395971003695614;1;3,75
ACHOCOL ITALAKINHO 200ml ;801669;2025-07-14;Guanabara(Cafundá);33250733130543005303650070003395971003695614;2;1,09
QUE MUC CRISTAU LAT FAT kg ;1833560;2025-07-14;Guanabara(Cafundá);33250733130543005303650070003395971003695614;0,422;39,98
SKINY ASSADO QUEIJO 35g ;1960129;2025-07-14;Guanabara(Cafundá);33250733130543005303650070003395971003695614;1;1,39
SALG TORCIDA QUEIJO 60g ;1914276;2025-07-14;Guanabara(Cafundá);33250733130543005303650070003395971003695614;1;1,89
BISCOITO PIRAQUE WAFER REC CHO 100g ;1711011;2025-07-14;Guanabara(Cafundá);33250733130543005303650070003395971003695614;1;2,49
UVA VITORIA SSEM IRM FAISAO BD500g ;1396409;2025-07-14;Guanabara(Cafundá);33250733130543005303650070003395971003695614;1;6,65
MIST BOLO FLEISCHMAN CHOC SACH 390g ;1805406;2025-07-14;Guanabara(Cafundá);33250733130543005303650070003395971003695614;1;7,99
TOMATE Kg KG ;111184302;2025-07-07;Prezunic(Jauru);33250739346861039106650150004173919150669632;0,365;10,99
BISN PLUSVITA 300g UN ;112921400;2025-07-07;Prezunic(Jauru);33250739346861039106650150004173919150669632;1;7,49
SALGAD TORCIDA 60g OF3 ;186225600410;2025-07-07;Prezunic(Jauru);33250739346861039106650150004173919150669632;2;1,65
SALGAD SKINY 35g UN ;186275100200;2025-07-07;Prezunic(Jauru);33250739346861039106650150004173919150669632;1;2,89
SALGAD SKINY 60g UN ;186192100200;2025-07-07;Prezunic(Jauru);33250739346861039106650150004173919150669632;1;4,79
PAO PLUS VITA 480g UN ;111336400;2025-07-07;Prezunic(Jauru);33250739346861039106650150004173919150669632;1;8,99
LEITE ELEGE INT 1l UN ;110550800;2025-07-07;Prezunic(Jauru);33250739346861039106650150004173919150669632;1;4,69
LEITE ELEGE INT 1l UN ;110550800;2025-07-07;Prezunic(Jauru);33250739346861039106650150004173919150669632;1;4,69
LEITE ELEGE INT 1l UN ;110550800;2025-07-07;Prezunic(Jauru);33250739346861039106650150004173919150669632;1;4,69
LEITE ELEGE INT 1l UN ;110550800;2025-07-07;Prezunic(Jauru);33250739346861039106650150004173919150669632;1;4,69
QJO MUCARELA FATI KG ;147992902;2025-07-07;Prezunic(Jauru);33250739346861039106650150004173919150669632;0,53;39,98
TAP DA TERRIN 500g UN ;183478900;2025-07-07;Prezunic(Jauru);33250739346861039106650150004173919150669632;1;9,49
BISC PIRAQUE 100g UN ;181965800400;2025-07-07;Prezunic(Jauru);33250739346861039106650150004173919150669632;1;2,79
BISC PIRAQUE 160g UN ;175950000300;2025-07-07;Prezunic(Jauru);33250739346861039106650150004173919150669632;1;3,49
BISC PIRAQUE 160g UN ;175950000100;2025-07-07;Prezunic(Jauru);33250739346861039106650150004173919150669632;1;3,49
PA kg ;130;2025-07-24;SuperRede(Guerenguê);33250740828874000156650030005225229273032895;2,184;27,95
Sacola Und ;676;2025-07-24;SuperRede(Guerenguê);33250740828874000156650030005225229273032895;6;0,08
Sobrecoxa kg ;426;2025-07-24;SuperRede(Guerenguê);33250740828874000156650030005225229273032895;1,14;12,99
Drumete de Frango kg ;230;2025-07-24;SuperRede(Guerenguê);33250740828874000156650030005225229273032895;1,028;11,99
Drumete de Frango kg ;230;2025-07-24;SuperRede(Guerenguê);33250740828874000156650030005225229273032895;1,066;11,99
Peito de Frango S Osso kg ;91;2025-07-24;SuperRede(Guerenguê);33250740828874000156650030005225229273032895;1,17;19,99
Carre kg ;115;2025-07-24;SuperRede(Guerenguê);33250740828874000156650030005225229273032895;1,058;14,99
Alcatra kg ;111;2025-07-24;SuperRede(Guerenguê);33250740828874000156650030005225229273032895;1,07;43,99
Sobrecoxa kg ;426;2025-07-24;SuperRede(Guerenguê);33250740828874000156650030005225229273032895;1,054;12,99
ALHO GRANULADO A GRANEL ;7;2025-07-17;MundoVerde(Tindiba);33250704105213000139650120001221821377256100;0,1;44,9
PAPRICA DEFUMADA A GRANEL ;950000100954;2025-07-17;MundoVerde(Tindiba);33250704105213000139650120001221821377256100;0,122;30
COMINHO PO A GRANEL ;343;2025-07-17;MundoVerde(Tindiba);33250704105213000139650120001221821377256100;0,062;23
CHIMICHURRI SEM PIMENTA A GRANEL ;26;2025-07-17;MundoVerde(Tindiba);33250704105213000139650120001221821377256100;0,028;66,9
PIMENTA PRETA EM PO A GRANEL ;145;2025-07-17;MundoVerde(Tindiba);33250704105213000139650120001221821377256100;0,02;83,9
PAO FORMA SEVEN BOYS TRAD 450g ;1312294;2025-07-18;Guanabara(Jordão);33250733130543005303650160005312961005667787;2;5,99
SACOLA PL USA IMP LIG CINZA 40X53 ;1748987;2025-07-18;Guanabara(Jordão);33250733130543005303650160005312961005667787;10;0,08
CHOC NESTLE CLASSIC AO LEITE 150g ;1693294;2025-07-18;Guanabara(Jordão);33250733130543005303650160005312961005667787;2;11,49
BISCOITO PIRAQUE REC CHOCOLATE 160g ;1561869;2025-07-18;Guanabara(Jordão);33250733130543005303650160005312961005667787;3;3,75
COOKIE NESTLE CLASSI BAU G CHOC 60g ;1605013;2025-07-18;Guanabara(Jordão);33250733130543005303650160005312961005667787;2;2,45
BISCOITO PIRAQUE WAFER REC CHO 100g ;1711011;2025-07-18;Guanabara(Jordão);33250733130543005303650160005312961005667787;3;2,55
BISCOITO PIRAQUE ROLADINHO GOIA 75g ;1562064;2025-07-18;Guanabara(Jordão);33250733130543005303650160005312961005667787;2;2,99
BISCOITO PIRAQUE REC LIMAO 160g ;1561883;2025-07-18;Guanabara(Jordão);33250733130543005303650160005312961005667787;1;3,75
BISCOITO PIRAQUE SALG PRESUNTI 100g ;36993;2025-07-18;Guanabara(Jordão);33250733130543005303650160005312961005667787;1;3,49
BISCOITO PIRAQUE SALG QUEIJO 100g ;36986;2025-07-18;Guanabara(Jordão);33250733130543005303650160005312961005667787;1;3,49
MAC INST NISSIN LAMEN CARNE 85g ;313230;2025-07-18;Guanabara(Jordão);33250733130543005303650160005312961005667787;2;2,49
BISCOITO CLUB SOCIAL ORIG EEC 288g ;1259988;2025-07-18;Guanabara(Jordão);33250733130543005303650160005312961005667787;1;7,54
BISNAGUITO PLUS VITA 300g ;29872;2025-07-18;Guanabara(Jordão);33250733130543005303650160005312961005667787;1;6,98
BISCOITO V DOURO POLVILHO TRAD 100g ;1119299;2025-07-18;Guanabara(Jordão);33250733130543005303650160005312961005667787;1;5,95
SKINY ASSADO PRESUNTO 60g ;1914368;2025-07-18;Guanabara(Jordão);33250733130543005303650160005312961005667787;1;2,15
SKINY ASSADO NATURAL 60g ;1914351;2025-07-18;Guanabara(Jordão);33250733130543005303650160005312961005667787;1;2,15
SALG TORCIDA QUEIJO 60g ;1914276;2025-07-18;Guanabara(Jordão);33250733130543005303650160005312961005667787;2;1,69
BISCOITO PIRAQUE SALGADINHO 100g ;36979;2025-07-18;Guanabara(Jordão);33250733130543005303650160005312961005667787;1;3,49
SKINY ASSADO QUEIJO 60g ;1960112;2025-07-18;Guanabara(Jordão);33250733130543005303650160005312961005667787;1;2,15
BATATA PALHA NA MESA TRAD 215g ;1618082;2025-07-18;Guanabara(Jordão);33250733130543005303650160005312961005667787;1;15,9
PAO HAMBURGUER GUANABARA kg ;1434231;2025-07-18;Guanabara(Jordão);33250733130543005303650160005312961005667787;0,5;15,9
MAC INST NISSIN LAMEN GAL CAIP 85g ;313162;2025-07-18;Guanabara(Jordão);33250733130543005303650160005312961005667787;2;2,49
MAIONESE HEINZ FP 390g ;1163513;2025-07-18;Guanabara(Jordão);33250733130543005303650160005312961005667787;1;13,99
MOLHO BRANCO ELEGE TP 200g ;504645;2025-07-18;Guanabara(Jordão);33250733130543005303650160005312961005667787;1;4,39
QUE MUC CRISTAU LAT FAT kg ;1833560;2025-07-18;Guanabara(Jordão);33250733130543005303650160005312961005667787;0,498;39,98
PRES SUI COZ PERDIGAO MAGRO kg ;1124125;2025-07-18;Guanabara(Jordão);33250733130543005303650160005312961005667787;0,142;30
QUE MUC CRISTAU LAT FAT kg ;1833560;2025-07-18;Guanabara(Jordão);33250733130543005303650160005312961005667787;0,512;39,98
CARNE SECA CHARQUE 500 LAGARTO kg ;74360;2025-07-18;Guanabara(Jordão);33250733130543005303650160005312961005667787;0,712;53,99
MOL TOM POMAROLA PEN TRADIC 520g ;42284;2025-07-18;Guanabara(Jordão);33250733130543005303650160005312961005667787;1;5,18
COSTELA SALG SUI PATA NEGRA EMB kg ;1493740;2025-07-18;Guanabara(Jordão);33250733130543005303650160005312961005667787;0,462;36
PALETA SUINO JULIATTO DEFUMADA Kg ;1407143;2025-07-18;Guanabara(Jordão);33250733130543005303650160005312961005667787;0,322;43,98
LEITE PO GLORIA INTEGRAL SACHE 360g ;1123906;2025-07-18;Guanabara(Jordão);33250733130543005303650160005312961005667787;4;12,98
REQUEIJAO ITAMBE CREM TRAD PT 400g ;1476828;2025-07-18;Guanabara(Jordão);33250733130543005303650160005312961005667787;1;13,95
LEITE L VIDA ITALAC CTAMPA INT 1l ;782128;2025-07-18;Guanabara(Jordão);33250733130543005303650160005312961005667787;12;4,69
MANTEIGA LACTMILK CSAL 200g ;1594683;2025-07-18;Guanabara(Jordão);33250733130543005303650160005312961005667787;2;6,99
LEITE COCO SABOR DO NORDESTE 200ml ;485692;2025-07-18;Guanabara(Jordão);33250733130543005303650160005312961005667787;1;3,85
LASANHA SADIA 4 QUEIJOS 600g ;1216202;2025-07-18;Guanabara(Jordão);33250733130543005303650160005312961005667787;1;15,98
CREME LEITE ELEGE 10 LEVE TP 200g ;1878288;2025-07-18;Guanabara(Jordão);33250733130543005303650160005312961005667787;3;2,47
LEITE COND ITALAC SEMIDESN TP 395g ;493963;2025-07-18;Guanabara(Jordão);33250733130543005303650160005312961005667787;3;4,99
ARROZ BRA CARRETEIRO TP1 5kg ;69687;2025-07-18;Guanabara(Jordão);33250733130543005303650160005312961005667787;1;20,95
IOG LIQ VIGOR BIG MORANGO 1260g ;1141320;2025-07-18;Guanabara(Jordão);33250733130543005303650160005312961005667787;1;13,9
PAO QUEIJO MARICOTA LANCHE 1kg ;1098792;2025-07-18;Guanabara(Jordão);33250733130543005303650160005312961005667787;1;11,98
ACHOCOL NESCAU 2.0 PO GO SAC 1,02kg ;1605082;2025-07-18;Guanabara(Jordão);33250733130543005303650160005312961005667787;1;26,75
TAPIOCA DA TERRINHA 500g ;1131130;2025-07-18;Guanabara(Jordão);33250733130543005303650160005312961005667787;2;6,87
QUE RALADO BOLOGNA 40g ;2019208;2025-07-18;Guanabara(Jordão);33250733130543005303650160005312961005667787;2;2,99
ESPAGUETE ADRIA SEMOLA N8 750g ;1741124;2025-07-18;Guanabara(Jordão);33250733130543005303650160005312961005667787;1;4,99
SAL DOMESTICO CISNE 1kg ;1298;2025-07-18;Guanabara(Jordão);33250733130543005303650160005312961005667787;1;3,19
FEIJAO PRETO SUPER MAXIMO 1kg ;1640373;2025-07-18;Guanabara(Jordão);33250733130543005303650160005312961005667787;3;5,99
ACUCAR UNIAO REFINADO 1kg ;36689;2025-07-18;Guanabara(Jordão);33250733130543005303650160005312961005667787;1;4,49
REFRIGE COCA COLA 600ml ;57509;2025-07-18;Guanabara(Jordão);33250733130543005303650160005312961005667787;2;4,29
IOG NESTLE NATURAL 170g ;711784;2025-07-18;Guanabara(Jordão);33250733130543005303650160005312961005667787;1;3,39
ESPONJA LIMPPANO M U SUP WISH C4 ;1433265;2025-07-18;Guanabara(Jordão);33250733130543005303650160005312961005667787;1;3,55
COCO RALADO MAIS COCO UMIDADO 100g ;273367;2025-07-18;Guanabara(Jordão);33250733130543005303650160005312961005667787;1;5,8
CHA PRETO LIPTON PESSEGO PET 1,5l ;186919;2025-07-18;Guanabara(Jordão);33250733130543005303650160005312961005667787;1;5,78
BEB LAC ITALAC WH 15gP ZL AMEN250ml ;1973310;2025-07-18;Guanabara(Jordão);33250733130543005303650160005312961005667787;1;4,99
MIST BOLO FLEISCHMAN CHOC SACH 390g ;1805406;2025-07-18;Guanabara(Jordão);33250733130543005303650160005312961005667787;2;7,99
OLEO DE SOJA SOYA PET 900ml ;544757;2025-07-18;Guanabara(Jordão);33250733130543005303650160005312961005667787;1;6,79
FERMENTO PO ROYAL 100g ;4039;2025-07-18;Guanabara(Jordão);33250733130543005303650160005312961005667787;1;3,99
LIMPADO VIM CLORO GEL ADIT LA 700ml ;1394450;2025-07-18;Guanabara(Jordão);33250733130543005303650160005312961005667787;1;9,99
SAPOLIO RADIUM PO CLORO 300g ;9720;2025-07-18;Guanabara(Jordão);33250733130543005303650160005312961005667787;1;4,99
LIMPADO YPE M USO TIRA MANCHA 500ml ;562515;2025-07-18;Guanabara(Jordão);33250733130543005303650160005312961005667787;1;2,77
SAB PASTOSO NEUTRAL 500g ;67010;2025-07-18;Guanabara(Jordão);33250733130543005303650160005312961005667787;1;7,99
SAPONACEO CIF CREMM FLJA SQZ 450ml ;1984729;2025-07-18;Guanabara(Jordão);33250733130543005303650160005312961005667787;1;9,99
DESINFE CIF M USOANTIB L500P425ml ;1646252;2025-07-18;Guanabara(Jordão);33250733130543005303650160005312961005667787;1;4,23
DESINFE PINHO BRIL BRISA MAR 1000ml ;1480894;2025-07-18;Guanabara(Jordão);33250733130543005303650160005312961005667787;1;8,98
DETERGENTE LIMPOL JABUTICABA 500ml ;1479232;2025-07-18;Guanabara(Jordão);33250733130543005303650160005312961005667787;1;1,99
AMACIANTE DOWNY CONC L DO CAMPO 1l ;1122169;2025-07-18;Guanabara(Jordão);33250733130543005303650160005312961005667787;1;17,5
ALVEJANTE VANISH PINK SACHE 1,2l ;1530315;2025-07-18;Guanabara(Jordão);33250733130543005303650160005312961005667787;1;13,9
ALVEJANTE VANISH WHITE SACHE 1,2l ;1530322;2025-07-18;Guanabara(Jordão);33250733130543005303650160005312961005667787;1;13,9
LAVA ROU PO OMO LAV PERFEITA 2,2kg ;1514728;2025-07-18;Guanabara(Jordão);33250733130543005303650160005312961005667787;1;25,98
ALCOOL LIQ MONTENEGRO 46 1l ;1465662;2025-07-18;Guanabara(Jordão);33250733130543005303650160005312961005667787;1;6,99
SABONETE DOVE BABY HIDR BALANC 75g ;1472837;2025-07-18;Guanabara(Jordão);33250733130543005303650160005312961005667787;1;3,99
LIMPADO YPE M USO CALCOOL 500ml ;720731;2025-07-18;Guanabara(Jordão);33250733130543005303650160005312961005667787;1;2,77
SABONETE DOVE BABY HIDR ENRIQ 75g ;1079913;2025-07-18;Guanabara(Jordão);33250733130543005303650160005312961005667787;1;3,99
MARACUJA ;00000000000065;2025-07-17;Hortifruti(Tindiba);33250730593345000167651030003933939034100574;0,755;6,98
MACA GALA ;00000000000069;2025-07-17;Hortifruti(Tindiba);33250730593345000167651030003933939034100574;0,345;11,98
UVA VERDE SEM CAROCO BDJ ;00000000000762;2025-07-17;Hortifruti(Tindiba);33250730593345000167651030003933939034100574;1;6,98
PERA WILIANS ;00000000000082;2025-07-17;Hortifruti(Tindiba);33250730593345000167651030003933939034100574;0,2;12,98
BATATA LISA ;00000000000012;2025-07-17;Hortifruti(Tindiba);33250730593345000167651030003933939034100574;1,13;2,98
OVOS CARTELA COM 30 UNIDADE ;00000000000791;2025-07-17;Hortifruti(Tindiba);33250730593345000167651030003933939034100574;1;19,98
CEBOLA ;00000000000029;2025-07-17;Hortifruti(Tindiba);33250730593345000167651030003933939034100574;0,695;2,98
CENOURA ;00000000000025;2025-07-17;Hortifruti(Tindiba);33250730593345000167651030003933939034100574;0,605;3,98
SACOLA PLASTICA ;00000000000117;2025-07-17;Hortifruti(Tindiba);33250730593345000167651030003933939034100574;1;0,05
BISC AMANT RITINHA PC 150G NATA ;20987;2025-07-31;Supermarket(Merck);33250707760885001652656170001415031084212037;1;5,49
TAPIOCA PRONTA DA TERRINHA PC 500G ZERO GLUTEN ;5718;2025-07-31;Supermarket(Merck);33250707760885001652656170001415031084212037;1;6,99
TAPIOCA PRONTA DA TERRINHA PC 500G ZERO GLUTEN ;5718;2025-07-31;Supermarket(Merck);33250707760885001652656170001415031084212037;1;6,99
TAPIOCA PRONTA DA TERRINHA PC 500G ZERO GLUTEN ;5718;2025-07-31;Supermarket(Merck);33250707760885001652656170001415031084212037;1;6,99
IOGURTE VIGOR 1260G MORANGO ;574;2025-07-31;Supermarket(Merck);33250707760885001652656160001698841636591840;1;10,94
LEITE FERM CHAMYTO FR 75G C/6 TRAD ;5065;2025-07-31;Supermarket(Merck);33250707760885001652656160001698841636591840;1;8,29
FILE MIGNON SUINO COZ SADIA MIGNONETO kg ;66112;2025-07-31;Supermarket(Merck);33250707760885001652656160001698841636591840;0,222;30,99
QUEIJO MUSSARELA PRESIDENT PECA kg ;11009;2025-07-31;Supermarket(Merck);33250707760885001652656160001698841636591840;0,518;59,9
MARACUJA kg ;10290;2025-07-31;Supermarket(Merck);33250707760885001652656160001698841636591840;1,095;9,55
ALHO kg ;10182;2025-07-31;Supermarket(Merck);33250707760885001652656160001698841636591840;0,13;29,99
MOLHO TOM POMAROLA SCH 300G TRAD ;42314;2025-07-31;Supermarket(Merck);33250707760885001652656160001698831989696521;1;3,98
SALSICHA HOT DOG PERDIGAO kg ;11994;2025-07-31;Supermarket(Merck);33250707760885001652656160001698831989696521;1,256;8,94
CEBOLA NACIONAL kg ;10226;2025-07-31;Supermarket(Merck);33250707760885001652656160001698831989696521;0,615;4,99
LING MISTA FINA SADIA kg ;12153;2025-07-31;Supermarket(Merck);33250707760885001652656160001698831989696521;0,384;23,98
TOMATE ITALIANO kg ;26992;2025-07-31;Supermarket(Merck);33250707760885001652656160001698831989696521;0,33;12,99
PIMENTAO VERDE kg ;10214;2025-07-31;Supermarket(Merck);33250707760885001652656160001698831989696521;0,125;15,99
SACOLA RECICLAVEL 7kg UN VERDE ;9813;2025-07-31;Supermarket(Merck);33250707760885001652656160001698831989696521;1;0,09
SACOLA RECICLAVEL 7kg UN VERDE ;9813;2025-07-31;Supermarket(Merck);33250707760885001652656160001698831989696521;1;0,09
SACOLA RECICLAVEL 7kg UN VERDE ;9813;2025-07-31;Supermarket(Merck);33250707760885001652656160001698831989696521;1;0,09
SACOLA RECICLAVEL 7kg UN VERDE ;9813;2025-07-31;Supermarket(Merck);33250707760885001652656160001698831989696521;1;0,09
SACOLA RECICLAVEL 7kg UN VERDE ;9813;2025-07-31;Supermarket(Merck);33250707760885001652656160001698831989696521;1;0,09
SACOLA RECICLAVEL 7kg UN VERDE ;9813;2025-07-31;Supermarket(Merck);33250707760885001652656160001698831989696521;1;0,09
